Model,MAE,RMSE,MAPE,Forecast Month 1,Forecast Month 2,Forecast Month 3
SARIMA,8982.024059358162,9636.055811449169,0.14298559155983204,33295.6775204922,28171.677631312323,47903.70666325719
XGBoost,11464.485200000003,12869.23707855699,0.19846476847069236,25042.9609375,20423.119140625,35791.078125
Prophet,inf,inf,inf,,,
